,F_predict,F_true,R_Close_01,R_Close_001,R_Close_0001,R_R2,P_Close_01,P_Close_001,P_Close_0001,P_R2
0,0.0722835829526397*x_i_0*x_i_1*x_i_2,0.0722833269326447*x_i_0*x_i_1*x_i_2,1.0,1.0,1.0,0.9999999999873715,1.0,1.0,1.0,0.999999999987455
