F_predict,F_true,G_predict,G_true,R_Close_01,R_Close_001,R_Close_0001,R_R2,P_Close_01,P_Close_001,P_Close_0001,P_R2,P_MAPE
-1.0000022276204865*x_i_0**2 + 0.50000598352199665*x_i_0 + 4.616481093927538e-7,0.5*x_i_0-x_i_0**2,-0.99999926645670897*x_i_0*x_j_0 - 9.4228101886646709e-7*x_i_0 - 3.2970214452074764e-6*x_j_0**2 + 1.0095221829806156e-5*x_j_0 - 5.9620657939206401e-6,-x_j_0*x_i_0,1.0,1.0,1.0,0.9999999999997106,1.0,0.9951689662067587,0.9698420315936812,0.9999999999750726,0.0002456200619474044
